[{"image_size": [371, 600]}, {"gene_name": "INHIBITION", "coordinates": [325, 992, 104, -28]}, {"gene_name": "PROMOTION", "coordinates": [123, 993, 116, -31]}, {"gene_name": "SCC", "coordinates": [481, 874, 59, -39]}, {"gene_name": "EMT", "coordinates": [53, 735, 52, 31]}, {"gene_name": "APOPTOSIS", "coordinates": [841, 692, 110, -34]}, {"gene_name": "PROLIFERATION", "coordinates": [838, 617, 132, 28]}, {"gene_name": "DAMAGE", "coordinates": [695, 628, 90, -30]}, {"gene_name": "DNA", "coordinates": [642, 627, 51, -32]}, {"gene_name": "INFLAMMATION", "coordinates": [474, 594, 135, 28]}, {"gene_name": "ANGIOGENESIS", "coordinates": [165, 584, 152, 37]}, {"gene_name": "ECADHERIN", "coordinates": [14, 601, 114, -27]}, {"gene_name": "HGF", "coordinates": [183, 475, 51, -34]}, {"gene_name": "SNAIL", "coordinates": [36, 457, 59, -30]}, {"gene_name": "P21", "coordinates": [856, 411, 46, 35]}, {"gene_name": "TGFB1", "coordinates": [517, 403, 94, -50]}, {"gene_name": "FANCBRCA", "coordinates": [666, 386, 112, -31]}, {"gene_name": "PTEN", "coordinates": [859, 376, 63, -30]}, {"gene_name": "ACTIVITY", "coordinates": [127, 277, 78, -34]}, {"gene_name": "SMAD34", "coordinates": [27, 273, 96, -31]}, {"gene_name": "SMAD31", "coordinates": [294, 97, 77, -30]}, {"gene_name": "LOSSS", "coordinates": [373, 100, 48, -34]}, {"gene_name": "LOSS", "coordinates": [567, 99, 48, -34]}, {"gene_name": "SMAD41", "coordinates": [488, 96, 77, -31]}, {"gene_name": "LLSSS", "coordinates": [171, 96, 48, -34]}, {"gene_name": "SMAD2", "coordinates": [92, 93, 74, -31]}]